,XCOORD,YCOORD,ZCOORD,DEMAND,READY_Time,DUE_Time,SERVICE_TIME
0,40.0,50.0,0.08340440094051481,0,0,1236,0
1,45.0,68.0,0.14406489868843161,10,760,1120,90
2,45.0,70.0,2.2874963468977327e-05,30,668,1028,90
3,42.0,66.0,0.060466514526367955,10,16,376,90
4,42.0,68.0,0.02935117816342261,10,575,935,90
5,42.0,65.0,0.01846771895375956,10,15,375,90
6,40.0,69.0,0.03725204227553418,20,482,842,90
7,40.0,66.0,0.06911214540860955,20,18,378,90
8,38.0,68.0,0.07935349484613398,20,110,470,90
9,38.0,70.0,0.10776334680067139,10,390,750,90
10,35.0,66.0,0.08383890288065897,10,204,564,90
11,35.0,69.0,0.13704390007935188,10,297,657,90
12,25.0,85.0,0.04089044994630348,20,507,867,90
13,22.0,75.0,0.17562348727818908,30,30,390,90
14,22.0,85.0,0.005477518639585233,10,414,774,90
15,20.0,80.0,0.13409350203568043,40,227,587,90
16,20.0,85.0,0.08346096047342538,40,322,682,90
17,18.0,75.0,0.11173796568915033,20,33,393,90
