,XCOORD,YCOORD,ZCOORD,DEMAND,READY_Time,DUE_Time,SERVICE_TIME
0,40.0,50.0,0.08340440094051481,0,0,1236,0
1,45.0,68.0,0.14406489868843161,10,885,994,90
2,45.0,70.0,2.2874963468977327e-05,30,802,893,90
3,42.0,66.0,0.060466514526367955,10,25,186,90
4,42.0,68.0,0.02935117816342261,10,699,810,90
5,42.0,65.0,0.01846771895375956,10,15,120,90
6,40.0,69.0,0.03725204227553418,20,580,743,90
7,40.0,66.0,0.06911214540860955,20,142,253,90
8,38.0,68.0,0.07935349484613398,20,220,359,90
9,38.0,70.0,0.10776334680067139,10,499,640,90
10,35.0,66.0,0.08383890288065897,10,331,436,90
11,35.0,69.0,0.13704390007935188,10,420,533,90
12,25.0,85.0,0.04089044994630348,20,617,756,90
13,22.0,75.0,0.17562348727818908,30,30,155,90
14,22.0,85.0,0.005477518639585233,10,541,646,90
15,20.0,80.0,0.13409350203568043,40,362,451,90
16,20.0,85.0,0.08346096047342538,40,448,555,90
17,18.0,75.0,0.11173796568915033,20,75,172,90
18,15.0,75.0,0.028077387719046755,20,142,291,90
19,15.0,80.0,0.03962029781697576,10,244,379,90
20,30.0,50.0,0.16014891373510734,10,10,137,90
21,30.0,52.0,0.19365231514387948,20,888,991,90
22,28.0,52.0,0.06268483563184857,20,776,919,90
23,28.0,55.0,0.13846452313386282,10,709,800,90
24,25.0,50.0,0.17527783045920764,10,25,184,90
25,25.0,52.0,0.17892133270076946,40,142,251,90
