,XCOORD,YCOORD,ZCOORD,DEMAND,READY_Time,DUE_Time,SERVICE_TIME
0,40.0,50.0,0.08340440094051481,0,0,3390,0
1,52.0,75.0,0.14406489868843161,10,311,471,90
2,45.0,70.0,2.2874963468977327e-05,30,213,373,90
3,62.0,69.0,0.060466514526367955,10,1167,1327,90
4,60.0,66.0,0.02935117816342261,10,1261,1421,90
5,42.0,65.0,0.01846771895375956,10,25,185,90
6,16.0,42.0,0.03725204227553418,20,497,657,90
7,58.0,70.0,0.06911214540860955,20,1073,1233,90
8,34.0,60.0,0.07935349484613398,20,2887,3047,90
9,28.0,70.0,0.10776334680067139,10,2601,2761,90
10,35.0,66.0,0.08383890288065897,10,2791,2951,90
11,35.0,69.0,0.13704390007935188,10,2698,2858,90
12,25.0,85.0,0.04089044994630348,20,2119,2279,90
13,22.0,75.0,0.17562348727818908,30,2405,2565,90
14,22.0,85.0,0.005477518639585233,10,2026,2186,90
15,20.0,80.0,0.13409350203568043,40,2216,2376,90
16,20.0,85.0,0.08346096047342538,40,1934,2094,90
17,18.0,75.0,0.11173796568915033,20,2311,2471,90
18,15.0,75.0,0.028077387719046755,20,1742,1902,90
19,15.0,80.0,0.03962029781697576,10,1837,1997,90
20,30.0,50.0,0.16014891373510734,10,10,170,90
21,30.0,56.0,0.19365231514387948,20,2983,3143,90
22,28.0,52.0,0.06268483563184857,20,22,182,90
23,14.0,66.0,0.13846452313386282,10,1643,1803,90
24,25.0,50.0,0.17527783045920764,10,116,276,90
25,22.0,66.0,0.17892133270076946,40,2504,2664,90
26,8.0,62.0,0.017008842273955584,10,1545,1705,90
27,23.0,52.0,0.007810956646576472,10,209,369,90
28,4.0,55.0,0.03396608391291378,20,1447,1607,90
29,20.0,50.0,0.17562850068588262,10,398,558,90
30,20.0,55.0,0.01966936676661002,10,303,463,90
