,XCOORD,YCOORD,ZCOORD,DEMAND,READY_Time,DUE_Time,SERVICE_TIME
0,40.0,50.0,0.08340440094051481,0,0,3390,0
1,52.0,75.0,0.14406489868843161,10,231,551,90
2,45.0,70.0,2.2874963468977327e-05,30,133,453,90
3,62.0,69.0,0.060466514526367955,10,1087,1407,90
4,60.0,66.0,0.02935117816342261,10,1181,1501,90
5,42.0,65.0,0.01846771895375956,10,15,335,90
6,16.0,42.0,0.03725204227553418,20,417,737,90
7,58.0,70.0,0.06911214540860955,20,993,1313,90
8,34.0,60.0,0.07935349484613398,20,2807,3127,90
9,28.0,70.0,0.10776334680067139,10,2521,2841,90
10,35.0,66.0,0.08383890288065897,10,2711,3031,90
11,35.0,69.0,0.13704390007935188,10,2618,2938,90
12,25.0,85.0,0.04089044994630348,20,2039,2359,90
13,22.0,75.0,0.17562348727818908,30,2325,2645,90
14,22.0,85.0,0.005477518639585233,10,1946,2266,90
15,20.0,80.0,0.13409350203568043,40,2136,2456,90
16,20.0,85.0,0.08346096047342538,40,1854,2174,90
17,18.0,75.0,0.11173796568915033,20,2231,2551,90
