,XCOORD,YCOORD,ZCOORD,DEMAND,READY_Time,DUE_Time,SERVICE_TIME
0,40.0,50.0,0.08340440094051481,0,0,3390,0
1,52.0,75.0,0.14406489868843161,10,0,3272,90
2,45.0,70.0,2.2874963468977327e-05,30,0,3279,90
3,62.0,69.0,0.060466514526367955,10,0,3270,90
4,60.0,66.0,0.02935117816342261,10,1261,1421,90
5,42.0,65.0,0.01846771895375956,10,0,3284,90
6,16.0,42.0,0.03725204227553418,20,0,3274,90
7,58.0,70.0,0.06911214540860955,20,0,3273,90
8,34.0,60.0,0.07935349484613398,20,2887,3047,90
9,28.0,70.0,0.10776334680067139,10,2601,2761,90
10,35.0,66.0,0.08383890288065897,10,0,3283,90
11,35.0,69.0,0.13704390007935188,10,2698,2858,90
12,25.0,85.0,0.04089044994630348,20,0,3261,90
13,22.0,75.0,0.17562348727818908,30,2405,2565,90
14,22.0,85.0,0.005477518639585233,10,0,3260,90
15,20.0,80.0,0.13409350203568043,40,2216,2376,90
