,XCOORD,YCOORD,ZCOORD,DEMAND,READY_Time,DUE_Time,SERVICE_TIME
0,40.0,50.0,0.08340440094051481,0,0,3390,0
1,52.0,75.0,0.14406489868843161,10,231,551,90
2,45.0,70.0,2.2874963468977327e-05,30,133,453,90
3,62.0,69.0,0.060466514526367955,10,1087,1407,90
4,60.0,66.0,0.02935117816342261,10,1181,1501,90
5,42.0,65.0,0.01846771895375956,10,15,335,90
6,16.0,42.0,0.03725204227553418,20,417,737,90
7,58.0,70.0,0.06911214540860955,20,993,1313,90
8,34.0,60.0,0.07935349484613398,20,2807,3127,90
9,28.0,70.0,0.10776334680067139,10,2521,2841,90
10,35.0,66.0,0.08383890288065897,10,2711,3031,90
11,35.0,69.0,0.13704390007935188,10,2618,2938,90
12,25.0,85.0,0.04089044994630348,20,2039,2359,90
13,22.0,75.0,0.17562348727818908,30,2325,2645,90
14,22.0,85.0,0.005477518639585233,10,1946,2266,90
15,20.0,80.0,0.13409350203568043,40,2136,2456,90
16,20.0,85.0,0.08346096047342538,40,1854,2174,90
17,18.0,75.0,0.11173796568915033,20,2231,2551,90
18,15.0,75.0,0.028077387719046755,20,1662,1982,90
19,15.0,80.0,0.03962029781697576,10,1757,2077,90
20,30.0,50.0,0.16014891373510734,10,10,330,90
21,30.0,56.0,0.19365231514387948,20,2903,3223,90
22,28.0,52.0,0.06268483563184857,20,12,332,90
23,14.0,66.0,0.13846452313386282,10,1563,1883,90
24,25.0,50.0,0.17527783045920764,10,36,356,90
25,22.0,66.0,0.17892133270076946,40,2424,2744,90
26,8.0,62.0,0.017008842273955584,10,1465,1785,90
27,23.0,52.0,0.007810956646576472,10,129,449,90
28,4.0,55.0,0.03396608391291378,20,1367,1687,90
29,20.0,50.0,0.17562850068588262,10,318,638,90
30,20.0,55.0,0.01966936676661002,10,223,543,90
